,,,,,,,,,,,,,,,,,,,,,,,,,,,,,,,,,,,,,,,,,,,,,,,,,,,,,,,,,,,,,,,,,,,,,,,,,,,,,,,,,
,Schuh,,CLIENT ACCOUNT:,,Schuh,,,,,,,,,,,,,,,,,,,,,,,,,,,,,,,,,,,,,,,,,,,,,,,,,,,,,,,,,,,,,,,,,,,,,,,,,,,,
,,,ACCOUNT MANAGER,,Ray/ Steven,,,,,,,,,,,,,,,,,,,,,,,,,,,,,,,,,,,,,,,,,,,,,,,,,,,,,,,,,,,,,,,,,,,,,,,,,,,,
,,,Start of the Month,,1st,,,,,,,,,,,,,,,,,,,,,,,,,,,,,,,,,,,,,,,,,,,,,,,,,,,,,,,,,,,,,,,,,,,,,,,,,,,,
,,FeedSpark (Aroxo),Size plan,,20h / month,,,,,,,,,,,,,,,,,,,,,,,,,,,,,,,,,,,,,,,,,,,,,,,,,,,,,,,,,,,,,,,,,,,,,,,,,,,,
,,Schuh,,,,,,,,,,,,,,,,,,,,,,,,,,,,,,,,,,,,,,,,,,,,,,,,,,,,,,,,,,,,,,,,,,,,,,,,,,,,,,,
,,Agency,,,,,,,,,,,,,,,,,,,,,,,,,,,,,,,,,,,,,,,,,,,,,,,,,,,,,,,,,,,,,,,,,,,,,,,,,,,,,,,
,,,,,,,,,,,,,,,,,,,,,,,,,,,,,,,,,,,,,,,,,,,,,,,,,,,,,,,,,,,,,,,,,,,,,,,,,,,,,,,,,
,,Areas to optimised,TASK OWNER,STATUS,PRIORITY,"December 2022
WEEK 1",,,,,"December 2022
WEEK 2",,,,,"December 2022
WEEK 3",,,,,"December 2022
WEEK 4",,,,,"January 2024
WEEK 1",,,,,"January 2024
WEEK 2",,,,,"January 2024
WEEK 3",,,,,"January 2024
WEEK 4",,,,,"February 2024
WEEK 1",,,,,"February 2024
WEEK 2",,,,,"February 2024
WEEK 3",,,,,"February 2024
WEEK 4",,,,,"March 2024
WEEK 1",,,,,"March 2024
WEEK 2",,,,,"March 2024
WEEK 3",,,,,"March 2024
WEEK 4"
,,Scheduled tasks,,,,,,,,,,,,,,,,,,,,,,,,,,,,,,,,,,,,,,,,,,,,,,,,,,,,,,,,,,,,,,,,,,,,,,,,,,,,,,,
,AM,Account monitoring,Venki,Scheduled,,Done,,,,,,,,,,,,,,,,,,,,Done,,,,,,,,,,,,,,,,,,,,ETA,,,,,,,,,,,,,,,,,,,,,,,,,,,,,,,,,,,
,AM,General account management,Matt,Scheduled,,Done,,,,,,,,,,,,,,,,,,,,Done,,,,,,,,,,,,,,,,,,,,ETA,,,,,,,,,,,,,,,,,,,,,,,,,,,,,,,,,,,
,Tech,Disapprovals,Dino,Scheduled,,,,,,,,,,,,Done,,,,,,,,,,,,,,,,,,,,Done,,,,,,,,,,,,,,,,,,,,,,,,,ETA,,,,,,,,,,,,,,,,,,,,
,Content,Category mapping (GPC),Gary,Scheduled,,,,,,,Done,,,,,,,,,,,,,,,,,,,,Done,,,,,,,,,,,,,,,,,,,,,,,,,,,,,,ETA,,,,,,,,,,,,,,,,,,,,
,Content,Data field and title optimisation,Mike,Scheduled,,,,,,,,,,,,,,,,,,,,Done,,,,,,,,,,,,,,,,,,,,Done,,,,,,,,,,ETA,,,,,,,,,,,,,,,,,,,,,,,,,,,,,,
,Content,Product type optimisation,Adriana,Scheduled,,,,,,,,,,,,Done,,,,,,,,,,,,,,,,,,,,Done,,,,,,,,,,,,,,,,,,,,,,,,,ETA,,,,,,,,,,,,,,,,,,,,
,Content,Keyword Optimisation,Dino,Scheduled,,,,,,,Done,,,,,,,,,,,,,,,,,,,,Done,,,,,,,,,,,,,,,,,,,,ETA,,,,,,,,,,,,,,,,,,,,,,,,,,,,,,
,Content,Short Titles Optimisation (Google + Social),Mo,Scheduled,,Done,,,,,,,,,,,,,,,,,,,,Done,,,,,,,,,,,,,,,,,,,,,,,,,,,,,,,,,,,ETA,,,,,,,,,,,,,,,,,,,,
,AM,Optimisation audit,Isa,Scheduled,,,,,,,,,,,,,,,,,,Done,,,,,,,,,,,,,,,,,,,Done,,,,,,,,,,,,,,,,,,,,ETA,,,,,,,,,,,,,,,,,,,,
,AM,Client call,Isa,Scheduled,,,,,,,Done,,,,,,,,,,,,,,,,,,,,,,,,,,,,,,Scheduled,,,,,,,,,,,,,,,ETA,,,,,,,,,,,,,,,,,,,,,,,,,
,,Ad Hoc Tasks,,,,,,,,,,,,,,,,,,,,,,,,,,,,,,,,,,,,,,,,,,,,,,,,,,,,,,,,,,,,,,,,,,,,,,,,,,,,,,,
,,26.01.2023,,,,,,,,,,,,,,,,,,,,,,,,,,,,,,,,,,,,,,,,,,,,,,,,,,,,,,,,,,,,,,,,,,,,,,,,,,,,,,,
,Tech,Invalid value [gtin],Dino,Open,,,,,,,,,,,,,,,,,,,,,,,,,,,,,,,,,,,,,,,,,,,,,,,,,,,,,,,,,,,,,,,,,,,,,,,,,,,,,
,Tech,Unavailable desktop landing page,Dino,Open,,,,,,,,,,,,,,,,,,,,,,,,,,,,,,,,,,,,,,,,,,,,,,,,,,,,,,,,,,,,,,,,,,,,,,,,,,,,,
,Content,Invalid character encoding [description],Mike,Open,,,,,,,,,,,,,,,,,,,,,,,,,,,,,,,,,,,,,,,,,,,,,,,,,,,,,,,,,,,,,,,,,,,,,,,,,,,,,
,Content,Value truncated (too long) [title],Mike,Open,,,,,,,,,,,,,,,,,,,,,,,,,,,,,,,,,,,,,,,,,,,,,,,,,,,,,,,,,,,,,,,,,,,,,,,,,,,,,
,,Ad Hoc Tasks,,,,,,,,,,,,,,,,,,,,,,,,,,,,,,,,,,,,,,,,,,,,,,,,,,,,,,,,,,,,,,,,,,,,,,,,,,,,,,,
,,11th May 2023,,,,,,,,,,,,,,,,,,,,,,,,,,,,,,,,,,,,,,,,,,,,,,,,,,,,,,,,,,,,,,,,,,,,,,,,,,,,,,,
,,SFTP switchover ,Xiaoli,Open,Done,,,,,,,,,,,,,,,,,,,,,,,,,,,,,,,,,,,,,,,,,,,,,,,,,,,,,,,,,,,,,,,,,,,,,,,,,,,,
,,Transition feed from scrape -> feed import ,Schuh,In progress,,,,,,,,,,,,,,,,,,,,,,,,,,,,,,,,,,,,,,,,,,,,,,,,,,,,,,,,,,,,,,,,,,,,,,,,,,,,,
,,phase 1: no square images  ,,in place already,images to be 500x500,,,,,,,,,,,,,,,,,,,,,,,,,,,,,,,,,,,,,,,,,,,,,,,,,,,,,,,,,,,,,,,,,,,,,,,,,,,,
,,phase 2: all attributes change,,open,Done,,,,,,,,,,,,,,,,,,,,,,,,,,,,,,,,,,,,,,,,,,,,,,,,,,,,,,,,,,,,,,,,,,,,,,,,,,,,
,,Schuh to send first draft of the feed ,,,Done,,,,,,,,,,,,,,,,,,,,,,,,,,,,,,,,,,,,,,,,,,,,,,,,,,,,,,,,,,,,,,,,,,,,,,,,,,,,
,,phase 3: additional attributes ,,,Done,,,,,,,,,,,,,,,,,,,,,,,,,,,,,,,,,,,,,,,,,,,,,,,,,,,,,,,,,,,,,,,,,,,,,,,,,,,,
,,Catch up - October ,Owner ,Status,,,,,,,,,,,,,,,,,,,,,,,,,,,,,,,,,,,,,,,,,,,,,,,,,,,,,,,,,,,,,,,,,,,,,,,,,,,,,
,,Resolve the GMC account issue by the deadline (30th Oct) ,Greg / Xiaoli,Done,,,,,,,,,,,,,,,,,,,,,,,,,,,,,,,,,,,,,,,,,,,,,,,,,,,,,,,,,,,,,,,,,,,,,,,,,,,,,
,,Share disapproval list due to GTIN error,Mo / Will,Done,,,,,,,,,,,,,,,,,,,,,,,,,,,,,,,,,,,,,,,,,,,,,,,,,,,,,,,,,,,,,,,,,,,,,,,,,,,,,
,,Implement Sale CL in social feeds,Nia /Xiaoli,Done,,,,,,,,,,,,,,,,,,,,,,,,,,,,,,,,,,,,,,,,,,,,,,,,,,,,,,,,,,,,,,,,,,,,,,,,,,,,,
,,Share SKU List for BF / FS to embed keywords ,Euan / Xiaoli,Done,,,,,,,,,,,,,,,,,,,,,,,,,,,,,,,,,,,,,,,,,,,,,,,,,,,,,,,,,,,,,,,,,,,,,,,,,,,,,
,,Confirm if feed refresh frequency needs amending ,Euan ,Open,,,,,,,,,,,,,,,,,,,,,,,,,,,,,,,,,,,,,,,,,,,,,,,,,,,,,,,,,,,,,,,,,,,,,,,,,,,,,
,,IE masterfeed switchover ,Xiaoli ,Done,,,,,,,,,,,,,,,,,,,,,,,,,,,,,,,,,,,,,,,,,,,,,,,,,,,,,,,,,,,,,,,,,,,,,,,,,,,,,
,,Catch up - November,Owner ,Status,,,,,,,,,,,,,,,,,,,,,,,,,,,,,,,,,,,,,,,,,,,,,,,,,,,,,,,,,,,,,,,,,,,,,,,,,,,,,
,,GMC account number 9876153 (MCA) - FS to double check ,Xiaoli ,Done,,,,,,,,,,,,,,,,,,,,,,,,,,,,,,,,,,,,,,,,,,,,,,,,,,,,,,,,,,,,,,,,,,,,,,,,,,,,,
,,Confirm masterfeed refresh frequency - FS to adjust schedule accordingly,Will / Xiaoli,Done,,,,,,,,,,,,,,,,,,,,,,,,,,,,,,,,,,,,,,,,,,,,,,,,,,,,,,,,,,,,,,,,,,,,,,,,,,,,,
,,Share disapproval list due to GTIN error,Mo / Will,Done,,,,,,,,,,,,,,,,,,,,,,,,,,,,,,,,,,,,,,,,,,,,,,,,,,,,,,,,,,,,,,,,,,,,,,,,,,,,,
,,Catch up - January,Owner ,Status,,,,,,,,,,,,,,,,,,,,,,,,,,,,,,,,,,,,,,,,,,,,,,,,,,,,,,,,,,,,,,,,,,,,,,,,,,,,,
,,Share sale Linelist (Early Feb) - Keyword Optimisation,Will / Xiaoli,Done,,,,,,,,,,,,,,,,,,,,,,,,,,,,,,,,,,,,,,,,,,,,,,,,,,,,,,,,,,,,,,,,,,,,,,,,,,,,,
,,Mid-season Sale (24th March) ,Euan ,24th March,,,,,,,,,,,,,,,,,,,,,,,,,,,,,,,,,,,,,,,,,,,,,,,,,,,,,,,,,,,,,,,,,,,,,,,,,,,,,
,,Share student Promo Linelist - Embed Keywords ,Euan / Xiaoli,Done,,,,,,,,,,,,,,,,,,,,,,,,,,,,,,,,,,,,,,,,,,,,,,,,,,,,,,,,,,,,,,,,,,,,,,,,,,,,,
,,Confirm full swapover - Scrape / Masterfeed status,Xiaoli,Done,,,,,,,,,,,,,,,,,,,,,,,,,,,,,,,,,,,,,,,,,,,,,,,,,,,,,,,,,,,,,,,,,,,,,,,,,,,,,
,,Product type audit ,Adriana,Done,,,,,,,,,,,,,,,,,,,,,,,,,,,,,,,,,,,,,,,,,,,,,,,,,,,,,,,,,,,,,,,,,,,,,,,,,,,,,
,,Custom labels overview ,Annie,Done,,,,,,,,,,,,,,,,,,,,,,,,,,,,,,,,,,,,,,,,,,,,,,,,,,,,,,,,,,,,,,,,,,,,,,,,,,,,,
,,FB Titles Provide mask used / Suggest new tests,Annie / Mike,Done,,,,,,,,,,,,,,,,,,,,,,,,,,,,,,,,,,,,,,,,,,,,,,,,,,,,,,,,,,,,,,,,,,,,,,,,,,,,,
,,Catch up - March,Owner ,Status,Prio (w/c),,,,,,,,,,,,,,,,,,,,,,,,,,,,,,,,,,,,,,,,,,,,,,,,,,,,,,,,,,,,,,,,,,,,,,,,,,,,
,PPC,Keywords Optimisation - Ramadan Events,Xiao Li,Open,11-Mar,,,,,,,,,,,,,,,,,,,,,,,,,,,,,,,,,,,,,,,,,,,,,,,,,,,,,,,,,,,,,,,,,,,,,,,,,,,,
,PPC,ALP - Intro & demo,Matt,Open,,,,,,,,,,,,,,,,,,,,,,,,,,,,,,,,,,,,,,,,,,,,,,,,,,,,,,,,,,,,,,,,,,,,,,,,,,,,,
,PPC,Custom Label - [New Arrivals]  < 15days in feed,Emma/ Ray,Open,,,,,,,,,,,,,,,,,,,,,,,,,,,,,,,,,,,,,,,,,,,,,,,,,,,,,,,,,,,,,,,,,,,,,,,,,,,,,
,PPC,Image Cycler - [Trainers] - [product-only] vs [ product-on-model] vs [product-birdview],Annie,Done,11-Mar,,,,,,,,,,,,,,,,,,,,,,,,,,,,,,,,,,,,,,,,,,,,,,,,,,,,,,,,,,,,,,,,,,,,,,,,,,,,
,SOCIAL,DPA Overlays - dynamic frames ,Ray,Open,,,,,,,,,,,,,,,,,,,,,,,,,,,,,,,,,,,,,,,,,,,,,,,,,,,,,,,,,,,,,,,,,,,,,,,,,,,,,
,AM,Access to FeedHero for Silvertip,Annie,Open,,,,,,,,,,,,,,,,,,,,,,,,,,,,,,,,,,,,,,,,,,,,,,,,,,,,,,,,,,,,,,,,,,,,,,,,,,,,,
,PPC,CSS Split - feed restructring ,Ray/ Will/ Emma,Open,,,,,,,,,,,,,,,,,,,,,,,,,,,,,,,,,,,,,,,,,,,,,,,,,,,,,,,,,,,,,,,,,,,,,,,,,,,,,
,,Catchup - April,,,,,,,,,,,,,,,,,,,,,,,,,,,,,,,,,,,,,,,,,,,,,,,,,,,,,,,,,,,,,,,,,,,,,,,,,,,,,,,
,,DE - Migration to DE_DE source file,Ray/ Michel,Done,,,,,,,,,,,,,,,,,,,,,,,,,,,,,,,,,,,,,,,,,,,,,,,,,,,,,,,,,,,,,,,,,,,,,,,,,,,,,
,,DE - AB Titles Test (current vs. UK mask structure),Michel,Open,,,,,,,,,,,,,,,,,,,,,,,,,,,,,,,,,,,,,,,,,,,,,,,,,,,,,,,,,,,,,,,,,,,,,,,,,,,,,
,,FeedHero Demo - Requests,,,,,,,,,,,,,,,,,,,,,,,,,,,,,,,,,,,,,,,,,,,,,,,,,,,,,,,,,,,,,,,,,,,,,,,,,,,,,,,
,,A general top level view of the platform and how it works,,Done,,,,,,,,,,,,,,,,,,,,,,,,,,,,,,,,,,,,,,,,,,,,,,,,,,,,,,,,,,,,,,,,,,,,,,,,,,,,,
,,I'd like to get a better understanding of the keyword testing and imagery testing that we can do and how we set this up,,Done,,,,,,,,,,,,,,,,,,,,,,,,,,,,,,,,,,,,,,,,,,,,,,,,,,,,,,,,,,,,,,,,,,,,,,,,,,,,,
,,I'd like to understand how we edit products both in bulk and individually,,Done,,,,,,,,,,,,,,,,,,,,,,,,,,,,,,,,,,,,,,,,,,,,,,,,,,,,,,,,,,,,,,,,,,,,,,,,,,,,,
,,It would be good to understand how we edit the custom labels for our channels within FeedHero.,,Done,,,,,,,,,,,,,,,,,,,,,,,,,,,,,,,,,,,,,,,,,,,,,,,,,,,,,,,,,,,,,,,,,,,,,,,,,,,,,
,,"If time allows I'd also like to jump into GTIN's specifically, to help me to understand the issues we're having and how we can resolve them.",,Done,,,,,,,,,,,,,,,,,,,,,,,,,,,,,,,,,,,,,,,,,,,,,,,,,,,,,,,,,,,,,,,,,,,,,,,,,,,,,
,,Apr-25,,,,,,,,,,,,,,,,,,,,,,,,,,,,,,,,,,,,,,,,,,,,,,,,,,,,,,,,,,,,,,,,,,,,,,,,,,,,,,
,,Title structure has been changed - Chgange for UK,Ray,Done,,,,,,,,,,,,,,,,,,,,,,,,,,,,,,,,,,,,,,,,,,,,,,,,,,,,,,,,,,,,,,,,,,,,,,,,,,,,,
,,Product Type realign for Social product set structure -  Eaun to check with internal for data,Eaun/ Ray,Done,,,,,,,,,,,,,,,,,,,,,,,,,,,,,,,,,,,,,,,,,,,,,,,,,,,,,,,,,,,,,,,,,,,,,,,,,,,,,
,,Social - internal label field - fidn more infomation,Ray,Open,,,,,,,,,,,,,,,,,,,,,,,,,,,,,,,,,,,,,,,,,,,,,,,,,,,,,,,,,,,,,,,,,,,,,,,,,,,,,
,,"Keywords review to add in title,  kickstart ",Ray,Done,,,,,,,,,,,,,,,,,,,,,,,,,,,,,,,,,,,,,,,,,,,,,,,,,,,,,,,,,,,,,,,,,,,,,,,,,,,,,
,,FS sending service deck for DPA overlay (merge) - Testing (on FeedSpark) - Ray to open a thread,Ray,Done,,,,,,,,,,,,,,,,,,,,,,,,,,,,,,,,,,,,,,,,,,,,,,,,,,,,,,,,,,,,,,,,,,,,,,,,,,,
,,May-25,,,,,,,,,,,,,,,,,,,,,,,,,,,,,,,,,,,,,,,,,,,,,,,,,,,,,,,,,,,,,,,,,,,,,,,,,,,,,
,,Meta Title: removing itemtyp & Colour - just source as name of the products,Ray,Done,,,,,,,,,,,,,,,,,,,,,,,,,,,,,,,,,,,,,,,,,,,,,,,,,,,,,,,,,,,,,,,,,,,,,,,,,,,,,
,,FS to share list of missing material & pattern - SC will look into if data is available.,Ray,Done,,,,,,,,,,,,,,,,,,,,,,,,,,,,,,,,,,,,,,,,,,,,,,,,,,,,,,,,,,,,,,,,,,,,,,,,,,,,,
,,Up to 25% off Sandals - keywords optimisation,Steven,Done,,,,,,,,,,,,,,,,,,,,,,,,,,,,,,,,,,,,,,,,,,,,,,,,,,,,,,,,,,,,,,,,,,,,,,,,,,,,
,,Loyalty Program - https://www.schuh.co.uk/help/the-schuh-club/,Ray,Done,Program is live,,,,,,,,,,,,,,,,,,,,,,,,,,,,,,,,,,,,,,,,,,,,,,,,,,,,,,,,,,,,,,,,,,,,,,,
,,Nike's trainer - Image Cycler - share image carousel to pick with Schuh team,Steven,Done,High,,,,,,,,,,,,,,,,,,,,,,,,,,,,,,,,,,,,,,,,,,,,,,,,,,,,,,,,,,,,,,,,,,,,,,,
,,Jun-25,,,,,,,,,,,,,,,,,,,,,,,,,,,,,,,,,,,,,,,,,,,,,,,,,,,,,,,,,,,,,,,,,,,,,,,,,,,,,
,,LIA Feed: setup - dev team to pick up with managing GMC errors ,Ray,Done,,,,,,,,,,,,,,,,,,,,,,,,,,,,,,,,,,,,,,,,,,,,,,,,,,,,,,,,,,,,,,,,,,,,,,,,,,,,,
,,New Balance - Image Cycler - (all) - always-on,Steven,Done,,,,,,,,,,,,,,,,,,,,,,,,,,,,,,,,,,,,,,,,,,,,,,,,,,,,,,,,,,,,,,,,,,,,,,,,,
,,Sale keywords optimisation - Chloe will share linelist soon,Steven,Done,,,,,,,,,,,,,,,,,,,,,,,,,,,,,,,,,,,,,,,,,,,,,,,,,,,,,,,,,,,,,,,,,,,,,,,,,,,,,
,,Product Rating:- internal review / ratings only - proposal for sending to google directly,Will,in-progress,still ,,,,,,,,,,,,,,,,,,,,,,,,,,,,,,,,,,,,,,,,,,,,,,,,,,,,,,,,,,,,,,,,,,,,,,,,,,,,,
,,PPC overlay: %off vs website - copy same format as website - 100 products - Trial on FeedSparkx`,Ray,Done,Upper overlay works !,,,,,,,,,,,,,,,,,,,,,,,,,,,,,,,,,,,,,,,,,,,,,,,,,,,,,,,,,,,,,,,,,,,,,,,,,,,
,,Testing WoW with s360 (Testing Plan saved),Ray,Done,,,,,,,,,,,,,,,,,,,,,,,,,,,,,,,,,,,,,,,,,,,,,,,,,,,,,,,,,,,,,,,,,,,,,,,,,
,,Custom Label overview - threshold,Ray,Done,,,,,,,,,,,,,,,,,,,,,,,,,,,,,,,,,,,,,,,,,,,,,,,,,,,,,,,,,,,,,,,,,,,,,,,,,,,
,,Aug-25,,,,,,,,,,,,,,,,,,,,,,,,,,,,,,,,,,,,,,,,,,,,,,,,,,,,,,,,,,,,,,,,,,,,,,,,,,,,,
,,Back2School - keywords optimisation ,Steven,Done,,,,,,,,,,,,,,,,,,,,,,,,,,,,,,,,,,,,,,,,,,,,,,,,,,,,,,,,,,,,,,,,,,,,,,,,,,,,,
,,Sep-25,,,,,,,,,,,,,,,,,,,,,,,,,,,,,,,,,,,,,,,,,,,,,,,,,,,,,,,,,,,,,,,,,,,,,,,,,,,,,
,,Organic vs. Paid discussion,Ray/ s360,Done,,,,,,,,,,,,,,,,,,,,,,,,,,,,,,,,,,,,,,,,,,,,,,,,,,,,,,,,,,,,,,,,,,,,,,,,,,,,,
,,Dr. Martens - Image Cycler - Steven,Done,10/13/2025,,,,,,,,,,,,,,,,,,,,,,,,,,,,,,,,,,,,,,,,,,,,,,,,,,,,,,,,,,,,,,,,,,,,,,
,,Mid Seasonal Sale - schuh to share linelist - proposal + trial analysis to send through,Steven,Done,10/19/2025,,,,,,,,,,,,,,,,,,,,,,,,,,,,,,,,,,,,,,,,,,,,,,,,,,,,,,,,,,,,,,,,,,,
,,LIA - discussion with internal,Ray,Open,,,,,,,,,,,,,,,,,,,,,,,,,,,,,,,,,,,,,,,,,,,,,,,,,,,,,,,,,,,,,,,,,,,,,,,
,,Oct-25,,,,,,,,,,,,,,,,,,,,,,,,,,,,,,,,,,,,,,,,,,,,,,,,,,,,,,,,,,,,,,,,,,,,,,,,,,,,,
,,Image Cycler test analys updated schuh Imagery Testing,Steven,Done,,,,,,,,,,,,,,,,,,,,,,,,,,,,,,,,,,,,,,,,,,,,,,,,,,,,,,,,,,,,,,,,,,,,,,,
,,Black Friday skeleton cover,Ray,Done,11/15/2025,,,,,,,,,,,,,,,,,,,,,,,,,,,,,,,,,,,,,,,,,,,,,,,,,,,,,,,,,,,,,,,,,,
,SOCIAL:,CL3: Range completion (high/low) will be kept the same threshold -,Ray,Open,,,,,,,,,,,,,,,,,,,,,,,,,,,,,,,,,,,,,,,,,,,,,,,,,,,,,,,,,,,,,,,,,,,
,SOCIAL:,Excerise: deliver the list of product IDs (if Hero Sizes are baked in) - list of IDs to Eaun,Ray,in-progress,,,,,,,,,,,,,,,,,,,,,,,,,,,,,,,,,,,,,,,,,,,,,,,,,,,,,,,,,,,,,,,,,,,
,SOCIAL:,"Primary Image check (produtcqt-only) -Nike  (Brand) 
New Balance  (Brand)
BIRKENSTOCK (Brand) - (check for solution If we could mirror the position vs. website)
Dr. Marten (Brand)",Ray,Done,,,,,,,,,,,,,,,,,,,,,,,,,,,,,,,,,,,,,,,,,,,,,,,,,,,,,,,,,,,,,,,,,,,,,,,,,,,
,,LIA: ask Matt for pointer (separate PMAX camapign cap off traffic from main PMAX Shopping Ads campaiang),Ray,Done,12/1/2025,,,,,,,,,,,,,,,,,,,,,,,,,,,,,,,,,,,,,,,,,,,,,,,,,,,,,,,,,,,,,,,,,,,,,
,,Black Friday calendar - Steve align Black Friday keywrods 1 week ahead of Trade,Chloe/ Steve,Done,,,,,,,,,,,,,,,,,,,,,,,,,,,,,,,,,,,,,,,,,,,,,,,,,,,,,,,,,,,,,,,,,,,,,,,,,,
,,Feb-26,,,,,,,,,,,,,,,,,,,,,,,,,,,,,,,,,,,,,,,,,,,,,,,,,,,,,,,,,,,,,,,,,,,,,,,,,,,
,,"Review curents stock quantity from <5 -> <2, and also addo n Hero Sizes.",Ray,in-progress,3/1/2026,,,,,,,,,,,,,,,,,,,,,,,,,,,,,,,,,,,,,,,,,,,,,,,,,,,,,,,,,,,,,,,,,,,,,,,,
,PPC,Hero Sizes mapping for Mens/ Womens/ Childrens - Footwear mapping,Ray/ Will & team,in-progress,,,,,,,,,,,,,,,,,,,,,,,,,,,,,,,,,,,,,,,,,,,,,,,,,,,,,,,,,,,,,,,,,,
,,Apr-26,,,,,,,,,,,,,,,,,,,,,,,,,,,,,,,,,,,,,,,,,,,,,,,,,,,,,,,,,,,,,,,,,,,,,,,,
,,Pound Margin - review (-) margin,Steven,Done,,,,,,,,,,,,,,,,,,,,,,,,,,,,,,,,,,,,,,,,,,,,,,,,,,,,,,,,,,,,,,,,,,
,,Access for MIA,Ezgi,Done,,,,,,,,,,,,,,,,,,,,,,,,,,,,,,,,,,,,,,,,,,,,,,,,,,,,,,,,,,,
,,Keywords Optimisation - Trainers (MSS) - Will will share list of brands ,Ezgi,Done,,,,,,,,,,,,,,,,,,,,,,,,,,,,,,,,,,,,,,,,,,,,,,,,,,,,,,,,,
,,May-26,,,,,,,,,,,,,,,,,,,,,,,,,,,,,,,,,,,,,,,,,,,,,,,,,,,,,,,,,,,,,,,,,
,,remove current exlcusion / exclude < 0 pound margin instead,Steven,Done,,,,,,,,,,,,,,,,,,,,,,,,,,,,,,,,,,,,,,,,,,,,,,,,,,,,,,,,,,
,,AI Score Card review for Schuh (UK & IE) - recommendations ,Ray,5/28/2026,,,,,,,,,,,,,,,,,,,,,,,,,,,,,,,,,,,,,,,,,,,,,,,,,,,,,,,
,,CSS vs. CSS Google - Retest split test - no CPC benefit in UK market,Ray/ Will,5/31/2026,,,,,,,,,,,,,,,,,,,,,,,,,,,,,,,,,,,,,,,,,,,,,,,,,,,,,
,Tech,Product Rating - subimit manually via retailer - FS to share fields of rating from Schuhs' dev,Steven,Parked,,,,,,,,,,,,,,,,,,,,,,,,,,,,,,,,,,,,,,,,,,,,,,,,,,,,
,,FS to host short Intro with Mia (PPC manager),Ray,Done,,,,,,,,,,,,,,,,,,,,,,,,,,,,,,,,,,,,,,,,,,,,,,,,,,,,,
,,A/B Test Titles - [Search Intent ] - Fashion category,Steven,6/1,,,,,,,,,,,,,,,,,,,,,,,,,,,,,,,,,,,,,,,,,,,,,,
,,Will will share s360 description (technical stup (prompt) for generating PDP descriptiom),Will/ Ray,Open,,,,,,,,,,,,,,,,,,,,,,,,,,,,,,
,,FS to share Custom Label overview - ,Steven,Done,,,,,,,,,,,,,,,,,,,,,,,,,,
,,FS to share Recommendation for Campaign Structure ,Steven,Done,,,,,,,,,,,,,,,,,,
,,FS to share AI Workshop availability ,Ray,Done,,,,,,,,,,,,,,
,,Jun-26,,,,,,,,,,,,,
,,EOSS - sale keywords ,Steven,Done,,,,,,,,,,,
,,maegin & pound margin through CN in Meta,Ray,Open
,,"Image_tag work - structurally setting (FS to check if can specify from URL) - test: bestsellers, key franchise, full price sandals",Ray,Done